{
    "N_pools": 6,
    "Rx0": [
        100.0,
        100.0,
        100.0,
        100.0,
        100.0,
        100.0
    ],
    "Ry0": [
        1000.0,
        1000.0,
        1000.0,
        1000.0,
        1000.0,
        1000.0
    ],
    "phi": [
        0.03,
        0.03,
        0.03,
        0.03,
        0.03,
        0.03
    ],
    "x_0": 10.0,
    "alpha": 0.9,
    "q": 0.8,
    "zeta": 0.05,
    "batch_size": 1000,
    "kappa": [
        0.25,
        0.5,
        0.5,
        0.45,
        0.45,
        0.4,
        0.3
    ],
    "sigma": [
        1.0,
        0.3,
        0.5,
        1.0,
        1.25,
        2.0,
        4.0
    ],
    "p": [
        0.45,
        0.45,
        0.4,
        0.38,
        0.36,
        0.34,
        0.3
    ],
    "T": 60,
    "seed": 4294967178,
    "N_iterations_main": 20,
    "learning_rate_gd": 0.01,
    "N_iterations_gd": 2000,
    "loss_weights_gd": [
        10.0,
        1.0,
        1.0,
        1.0
    ],
    "weight_eps": 0.0001,
    "weights": [
        0.16666666666666666,
        0.16666666666666666,
        0.16666666666666666,
        0.16666666666666666,
        0.16666666666666666,
        0.16666666666666666
    ]
}